cid,reward,shift_total,composer,composer_death,title,license,license_conflict,article_clean,needs_pubdate_check,pdmx_rel,f_n_note,n_chan,orig_polyphony_rate,shift_polyphony_rate,grp_rhythm,grp_texture,grp_acoustic,grp_tonal,grp_register,grp_structure,dist_score,top_losses,n_src,n_abc_midi,onset_pitch_F1,pitch_multiset_overlap
C0329,0.439,43.9,Bartok,1945,Six Unison Melodies,cc-zero,False,True,True,2/17/QmceQ6WiBd5AFuLkhCut6DeBM8idNzAW6ZsYymtDXbgNeH.mxl,336.0,2.0,1.0,1.0,29.4,66.7,47.5,26.5,50.0,96.8,7.4,dist_hist(JS) -13.9; roughness_p90(low 0.0012) -6.0; polyphony_rate(high 1.0) -5.7; local_key_certainty(low 0.623) -4.5; voice_leading_cost(low 1.784) -4.5,336.0,336.0,1.0,1.0
C1184,0.443,72.6,"Bach, J.S.",1750,BWV 988 Goldberg Variations: Variation XXIII,cc-zero,False,True,False,7/11/QmPb7NggGCNXqTZ6GdqkyerQc2YfkeFUrx6ujuqMiW5XTr.mxl,1474.0,4.0,0.0,0.661,59.0,33.3,0.0,69.4,76.5,3.1,49.6,dist_hist(JS) -7.6; roughness_p90(low 0.0) -6.0; harmonicity_mean(low 0.0) -6.0; polyphony_rate(very-low 0.0) -5.7; polyphony_mean(low 1) -5.7,1460.0,1474.0,0.983,0.989
C0960,0.463,68.4,"Bach, J.S.",1750,BWV 856 The Well-Tempered Clavier Part I Praeludium XI,cc-zero,False,True,False,0/39/QmaQ8oBUiWC9mFSESpizYeNyYJyKHbgbhx6U6HA98N1EYc.mxl,915.0,3.0,0.0,0.972,45.9,33.3,0.0,65.5,82.1,16.5,68.4,roughness_p90(low 0.0) -6.0; harmonicity_mean(low 0.0) -6.0; polyphony_rate(very-low 0.0) -5.7; polyphony_mean(low 1) -5.7; dist_hist(JS) -4.7,915.0,915.0,0.999,0.999
C2223,0.473,47.4,Schoenberg,1951,Sechs kleine Klavierstücke Op.19 No.6,music21 corpus (not redistributed),False,False,True,m21:schoenberg/opus19/movement6.mxl,52.0,4.0,0.948,0.917,29.4,71.2,50.0,0.0,93.4,25.0,56.8,dist_hist(JS) -6.5; harmonicity_mean(low 0.4009) -6.0; self_similarity(low 0.067) -5.1; polyphony_rate(high 0.948) -4.9; key_certainty(low 0.448) -4.5,69.0,52.0,0.579,0.754
C0406,0.505,49.1,Satie,1925,Erik Satie - Enfantillages Pittoresques - Berceuse,cc-zero,False,True,False,1/49/QmbVkdMiKVAo54sndFEXNvZ2HApnq4YSRXFkjTiGxHJMjq.mxl,255.0,2.0,0.995,1.0,34.6,66.7,50.3,54.2,33.3,100.0,30.5,dist_hist(JS) -10.4; polyphony_rate(high 0.995) -5.7; pitch_min(high 65) -4.5; pitch_range(low 16) -4.5; ioi_mean(high 0.704) -3.7,255.0,255.0,1.0,1.0
C0599,0.517,72.4,"Bach, J.S.",1750,BWV 855 The Well-Tempered Clavier Part I Fuga X,cc-zero,False,True,False,0/36/Qmapor59boKR6tHniSdsQsmN7HkrRebp396Y6MNKwUjJ5T.mxl,810.0,2.0,0.0,0.887,40.9,33.3,0.0,59.5,92.8,75.0,66.6,roughness_p90(low 0.0) -6.0; harmonicity_mean(low 0.0) -6.0; polyphony_rate(very-low 0.0) -5.7; polyphony_mean(low 1) -5.7; dist_hist(JS) -5.0,810.0,810.0,1.0,1.0
C0254,0.533,56.3,Satie,1925,Vexations - Erik Satie,cc-zero,False,True,False,17/5/QmZ6TyaHxqWNDmoXb2ykasXtgcHAPGTVqquH8M5CEHm3ic.mxl,126.0,4.0,0.667,0.667,83.1,99.9,50.0,0.0,43.3,4.2,56.7,dist_hist(JS) -6.5; harmonicity_mean(low 0.4451) -6.0; self_similarity(low 0.395) -5.1; tension_peaks(low 1) -4.7; key_certainty(low 0.45) -4.5,128.0,126.0,0.969,0.961
C1049,0.552,70.8,"Bach, J.S.",1750,BWV 988 Goldberg Variations: Variation VI,cc-zero,False,True,False,15/5/QmX6ExHHYUTPZggYP89gVhkp97qysLJQzkHGxsD3caf2iP.mxl,677.0,4.0,0.0,1.0,48.2,33.3,0.0,62.9,91.6,100.0,62.2,roughness_p90(low 0.0) -6.0; harmonicity_mean(low 0.0) -6.0; dist_hist(JS) -5.7; polyphony_rate(very-low 0.0) -5.7; polyphony_mean(low 1) -5.7,691.0,677.0,0.982,0.977
C1052,0.555,71.5,"Bach, J.S.",1750,BWV 988 Goldberg Variations: Variation XI,cc-zero,False,True,False,3/0/Qmd1FMWb1TEWtZyTH7ha1PE5mFsXw8kXqdKUhP5jowMzwm.mxl,1398.0,2.0,0.02,0.979,40.0,35.7,11.6,77.7,86.4,100.0,53.4,dist_hist(JS) -7.0; roughness_p90(low 0.0) -6.0; polyphony_mean(low 1.02) -5.7; polyphony_rate(very-low 0.02) -5.3; harmonicity_mean(high 1.0) -4.6,1398.0,1398.0,0.999,0.999
C0371,0.562,76.5,Grieg,1907,Papillon Op 43 No 1,cc-zero,False,True,False,2/47/QmcUD6aXYAZ42JUjEGmNXCNwzq8G8j59WyAYHNoUek8p7d.mxl,920.0,3.0,0.0,0.395,61.0,33.3,0.0,62.5,71.7,100.0,71.2,roughness_p90(low 0.0) -6.0; harmonicity_mean(low 0.0) -6.0; polyphony_rate(very-low 0.0) -5.7; polyphony_mean(low 1) -5.7; dist_hist(JS) -4.3,921.0,920.0,0.964,0.996
C0893,0.574,78.3,"Bach, J.S.",1750,BWV 781 Invention X,cc-zero,False,True,False,1/27/QmbJVLXxRPsR3h1zeTtorNkuAmpDMr5aNxkak7Cstk6ED6.mxl,746.0,2.0,0.0,0.906,62.1,33.3,0.0,79.0,85.0,75.0,67.9,roughness_p90(low 0.0) -6.0; harmonicity_mean(low 0.0) -6.0; polyphony_rate(very-low 0.0) -5.7; polyphony_mean(low 1) -5.7; dist_hist(JS) -4.8,746.0,746.0,1.0,1.0
C1179,0.586,72.7,"Bach, J.S.",1750,BWV 988 Goldberg Variations: Variation XVII,cc-zero,False,True,False,10/13/QmScRqrK6tgkDqXFM5bJnpLxjE6Y94jztiMfGRJ4AgExT5.mxl,1430.0,2.0,0.02,0.974,40.0,35.7,50.0,66.8,100.0,75.0,58.3,dist_hist(JS) -6.3; roughness_p90(low 0.0009) -6.0; polyphony_mean(low 1.02) -5.7; polyphony_rate(very-low 0.02) -5.3; note_len_entropy(low 0.581) -3.7,1428.0,1430.0,0.998,0.999
C1061,0.59,81.6,"Bach, J.S.",1750,BWV 988 Goldberg Variations: Variation XIV,cc-zero,False,True,False,14/6/QmW7XVsy2vsFE3tv3qDTgEE8AiumyGjZFkqhj17MqyQuNU.mxl,1364.0,2.0,0.059,0.57,57.1,40.2,11.6,73.5,100.0,66.7,64.5,roughness_p90(low 0.0003) -6.0; polyphony_mean(low 1.06) -5.7; dist_hist(JS) -5.3; harmonicity_mean(high 1.0) -4.6; polyphony_rate(very-low 0.059) -4.5,1364.0,1364.0,0.999,1.0
C0894,0.6,70.5,"Bach, J.S.",1750,BWV 782 Invention XI,cc-zero,False,True,False,8/1/QmQ2d5PjcqQ3Lv9tE4w9mgb9jgYY5zzkuTkWQwDZNPMwTb.mxl,630.0,2.0,0.143,0.957,48.7,53.0,50.0,62.0,78.9,75.0,61.1,roughness_p90(low 0.0018) -6.0; dist_hist(JS) -5.8; polyphony_mean(low 1.14) -5.2; note_len_entropy(low 1.227) -3.7; qualified_note_rate(low 0.1365) -3.1,630.0,630.0,1.0,1.0
C1089,0.611,76.2,"Bach, J.S.",1750,BWV 877 The Well-Tempered Clavier Part II Praeludium VIII,cc-zero,False,True,False,9/40/QmRrtUkDvGsbwmXuWMNzUsbcDXgGJsvLwGRgiZ9RvgZJy7.mxl,1964.0,2.0,0.013,0.953,55.4,34.8,50.0,68.1,100.0,66.7,61.0,roughness_p90(low 0.0019) -6.0; dist_hist(JS) -5.9; polyphony_mean(low 1.01) -5.7; polyphony_rate(very-low 0.013) -5.4; note_len_entropy(low 1.348) -3.5,1964.0,1964.0,0.996,0.997
C0544,0.614,77.8,Prokofiev,1953,Ridicolosamente,cc-zero,False,True,True,1/46/QmbugpTc8Mn4LijK68jAwSsJr966ZNuHdQQJcgsa77DR3W.mxl,415.0,3.0,0.0,0.966,100.0,33.3,0.0,84.3,66.7,58.3,70.3,roughness_p90(low 0.0) -6.0; harmonicity_mean(low 0.0) -6.0; polyphony_rate(very-low 0.0) -5.7; polyphony_mean(low 1) -5.7; pitch_min(high 46) -4.5,404.0,415.0,0.928,0.952
C0095,0.615,68.9,Chopin,1849,Frédéric Chopin: Étude in C major Op.10 No.1 Waterfall,cc-zero,False,True,False,5/12/QmfBcXne3RYUgUuZPhqQqE4giJfdumupz4r86NE8ZEgdBz.mxl,1324.0,2.0,0.902,0.983,40.0,75.9,11.6,70.7,80.0,100.0,60.3,dist_hist(JS) -6.0; roughness_p90(high 0.0187) -6.0; harmonicity_mean(high 1.0) -4.6; polyphony_rate(high 0.902) -4.1; local_key_certainty(low 0.711) -4.0,1376.0,1324.0,0.981,0.962
C0534,0.621,61.7,Cowell,1965,Henry Cowell - The Tides of Manaunaun,cc-zero,False,False,True,12/27/QmUJXyWDWjbi1U4T9gc3zsj9rGBin9UJkVJSK4VNehwG8q.mxl,504.0,4.0,0.964,0.988,89.4,69.5,50.0,16.3,45.0,100.0,60.5,roughness_p90(high 0.022) -6.0; dist_hist(JS) -5.9; polyphony_rate(high 0.964) -5.2; pitch_in_scale(low 0.6627) -4.5; pitch_range(high 80) -4.1,504.0,504.0,0.925,1.0
C2222,0.644,68.7,Schoenberg,1951,Sechs kleine Klavierstücke Op.19 No.2,music21 corpus (not redistributed),False,False,True,m21:schoenberg/opus19/movement2.mxl,92.0,3.0,0.789,0.929,92.3,87.4,18.8,33.3,88.9,50.5,55.3,dist_hist(JS) -6.7; harmonicity_mean(low 0.4533) -6.0; tension_peaks(low 1) -4.7; key_certainty(low 0.603) -4.5; local_key_certainty(low 0.594) -4.5,92.0,92.0,0.978,1.0
C1142,0.644,64.8,Mussorgsky,1881,Con Mortuis in Lingua Mortua,cc-zero,False,False,False,5/55/QmfYJnvsnyY2rW6D7eecjcKo3UYfdBFFjurkKzr37CPmif.mxl,1209.0,6.0,0.942,0.923,41.7,71.8,100.0,50.0,66.7,100.0,43.0,dist_hist(JS) -8.6; polyphony_rate(high 0.942) -4.8; voice_leading_cost(high 11.125) -4.5; note_len_entropy(low 1.273) -3.7; rhythm_surprisal(low 0.008) -3.7,1221.0,1209.0,0.545,0.99
C0501,0.648,68.9,Beethoven,1827,Für Elise,cc-zero,False,True,False,7/38/QmPqGTx8iM8rNKu75hjZoyvpyNHxL18XwVnsqqLTrpaJAw.mxl,293.0,2.0,0.071,0.277,36.8,44.6,97.7,48.0,100.0,91.7,61.8,dist_hist(JS) -5.7; polyphony_mean(low 1.14) -5.2; polyphony_rate(very-low 0.071) -4.3; key_certainty(low 0.737) -3.8; note_len_entropy(low 0.664) -3.7,293.0,293.0,1.0,1.0
C0515,0.695,67.8,Debussy,1918,Debussy Prelude Bk 1 No 3 Le Vent dans la plaine,cc-zero,False,True,False,0/15/Qmadte65iwPsoF6r2FA6xhZJxCKv6gRaJii7FeXFHEM65H.mxl,1677.0,6.0,0.593,0.775,87.7,100.0,50.0,6.0,100.0,61.4,63.3,roughness_p90(high 0.0261) -6.0; dist_hist(JS) -5.5; local_key_certainty(low 0.627) -4.5; pitch_in_scale(low 0.5802) -4.5; self_similarity(low 0.44) -3.9,1680.0,1677.0,0.928,0.994
C0577,0.706,69.4,Chopin,1849,Frédéric Chopin: Prelude in F-sharp minor Op.28 No.8,cc-zero,False,True,False,3/39/QmdQgcUE3nWW1Me7dgoyS8bd8RG5isKffWyvF7qLYNGSfp.mxl,1814.0,3.0,0.135,1.0,42.7,73.3,100.0,34.6,100.0,100.0,64.8,dist_hist(JS) -5.3; key_certainty(low 0.732) -3.9; rhythm_surprisal(low 0.038) -3.7; polyphony_rate(very-low 0.135) -3.0; local_key_certainty(low 0.746) -2.9,1813.0,1814.0,0.995,0.998
